,chaintip,c,L,m,N_a,protocol
0,904000,0.18948494540649574,131.93660291253394,166.08646954248456,25.0,interactive
1,929000,0.18926325556468632,132.09114429216564,166.50214477461478,25.0,interactive
2,954000,0.18904816305803016,132.24143305918295,166.90653515120238,25.0,interactive
3,979000,0.1888393047089414,132.38769353939625,167.30023171210706,25.0,interactive
4,1004000,0.18863634602096668,132.5301328579662,167.68378039735077,25.0,interactive
5,1029000,0.1884389782623286,132.66894264941905,168.05768651435628,25.0,interactive
6,1054000,0.18824691590904138,132.8043005606514,168.42241866597786,25.0,interactive
7,1079000,0.18805989439586587,132.93637157625446,168.77841221553226,25.0,interactive
8,1104000,0.18787766813182938,133.06530919075536,169.12607235276928,25.0,interactive
9,1129000,0.18770000874395418,133.19125644849098,169.46577681465558,25.0,interactive
10,1154000,0.18752670351852085,133.31434686863625,169.79787830655104,25.0,interactive
11,1179000,0.18735755401388518,133.4347052702622,170.12270666248753,25.0,interactive
12,1204000,0.1871923748227607,133.55244851009954,170.440570777555,25.0,interactive
13,1229000,0.18703099246511637,133.66768614385026,170.75176034062812,25.0,interactive
14,1254000,0.18687324439554923,133.7805210203512,171.05654739166985,25.0,interactive
15,1279000,0.18671897811126664,133.89104981659867,171.3551877244897,25.0,interactive
16,1304000,0.18656805034872834,133.99936352055255,171.6479221529886,25.0,interactive
17,1329000,0.18642032635861466,134.10554786771365,171.9349776565187,25.0,interactive
18,1354000,0.18627567925016986,134.2096837366771,172.2165684179376,25.0,interactive
19,1379000,0.18613398939712672,134.31184750820108,172.49289676619145,25.0,interactive
20,1404000,0.1859951438984296,134.41211139174843,172.76415403376646,25.0,interactive
21,1429000,0.18585903608781973,134.51054372297142,173.03052133806494,25.0,interactive
22,1454000,0.18572556508708188,134.60720923518608,173.29217029465877,25.0,interactive
23,1479000,0.1855946353983901,134.70216930751252,173.54926366942192,25.0,interactive
24,1504000,0.18546615653172865,134.79548219204682,173.8019559757146,25.0,interactive
25,1529000,0.18534004266384116,134.88720322215272,174.05039402208138,25.0,interactive
26,1554000,0.1852162123255733,134.97738500372185,174.29471741529989,25.0,interactive
27,1579000,0.18509458811482596,135.06607759104716,174.53505902307367,25.0,interactive
28,1604000,0.18497509643265325,135.15332864876834,174.77154540019254,25.0,interactive
29,1629000,0.18485766724031052,135.23918360118978,175.00429718156397,25.0,interactive
30,1654000,0.18474223383529062,135.3236857701368,175.2334294451567,25.0,interactive
31,1679000,0.18462873264460727,135.40687650238394,175.45905204757818,25.0,interactive
32,1704000,0.18451710303375682,135.48879528759093,175.68126993472245,25.0,interactive
33,1729000,0.18440728712996027,135.56947986757896,175.90018342967628,25.0,interactive
34,1754000,0.18429922965842768,135.64896633769948,176.1158884998534,25.0,interactive
35,1779000,0.18419287779051463,135.72728924097098,176.32847700512562,25.0,interactive
36,1804000,0.18408818100275248,135.80448165559417,176.53803692855203,25.0,interactive
37,1829000,0.18398509094583484,135.88057527639558,176.74465259114686,25.0,interactive
38,1854000,0.18388356132273134,135.95560049069783,176.94840485199435,25.0,interactive
39,1879000,0.1837835477751786,136.02958644906758,177.14937129489053,25.0,interactive
40,1904000,0.18368500777786995,136.10256113134974,177.34762640259012,25.0,interactive
41,1929000,0.18358790053972668,136.17455140836057,177.54324171962594,25.0,interactive
42,1954000,0.18349218691169378,136.2455830995754,177.73628600459426,25.0,interactive
43,1979000,0.1833978293005491,136.3156810271208,177.92682537270926,25.0,interactive
44,2004000,0.18330479158826443,136.3848690663499,178.11492342936322,25.0,interactive
45,2029000,0.18321303905649639,136.4531701932573,178.300641395366,25.0,interactive
46,2054000,0.18312253831582054,136.520606528968,178.48403822447628,25.0,interactive
47,2079000,0.1830332572393596,136.58719938151208,178.6651707137875,25.0,interactive
48,2104000,0.1829451649004799,136.6529692850845,178.8440936074823,25.0,interactive
49,2129000,0.18285823151426508,136.7179360369659,179.0208596944281,25.0,interactive
50,2154000,0.18277242838249397,136.78211873227215,179.19551990004774,25.0,interactive
51,2179000,0.18268772784187604,136.8455357966823,179.3681233728611,25.0,interactive
52,2204000,0.18260410321531662,136.90820501728479,179.53871756606668,25.0,interactive
53,2229000,0.18252152876600097,136.97014357167083,179.70734831449855,25.0,interactive
54,2254000,0.18243997965410697,137.0313680553911,179.87405990727018,25.0,interactive
55,2279000,0.18235943189596554,137.09189450788747,180.03889515639057,25.0,interactive
56,2304000,0.18227986232550736,137.15173843699804,180.2018954616211,25.0,interactive
57,2329000,0.18220124855784436,137.2109148421292,180.3631008718112,25.0,interactive
58,2354000,0.1821235689548443,137.26943823618183,180.522550142947,25.0,interactive
59,2379000,0.18204680259257267,137.32732266630853,180.6802807931159,25.0,interactive
60,2404000,0.18197092923047845,137.38458173357907,180.8363291545843,25.0,interactive
61,2429000,0.18189592928221676,137.4412286116188,180.99073042316869,25.0,interactive
62,2454000,0.18182178378800248,137.49727606428655,181.1435187050658,25.0,interactive
63,2479000,0.1817484743884022,137.55273646244873,181.2947270612975,25.0,interactive
64,2504000,0.18167598329947374,137.6076217999059,181.44438754991452,25.0,interactive
65,2529000,0.18160429328917427,137.66194370852074,181.592531266095,25.0,interactive
66,2554000,0.1815333876549563,137.71571347259788,181.73918838025827,25.0,interactive
67,2579000,0.18146325020248497,137.76894204255606,181.88438817431543,25.0,interactive
68,2604000,0.18139386522540704,137.82164004793674,182.02815907616144,25.0,interactive
69,2629000,0.18132521748611158,137.87381780978617,182.17052869251174,25.0,interactive
70,2654000,0.18125729219742492,137.92548535244623,182.31152384017741,25.0,interactive
71,2679000,0.18119007500518503,137.9766524147892,182.45117057586617,25.0,interactive
72,2704000,0.18112355197164615,138.027328460926,182.5894942245931,25.0,interactive
73,2729000,0.18105770955966724,138.07752269041765,182.72651940677787,25.0,interactive
74,2754000,0.18099253461763884,138.1272440480183,182.86227006409987,25.0,interactive
75,2779000,0.18092801436510939,138.17650123297358,182.99676948417886,25.0,interactive
76,2804000,0.18086413637907073,138.22530270790023,183.13004032414645,25.0,interactive
77,2829000,0.1808008885808686,138.2736567072678,183.2621046331649,25.0,interactive
78,2854000,0.18073825922370337,138.3215712455048,183.3929838739512,25.0,interactive
79,2879000,0.1806762368806896,138.3690541247484,183.52269894335763,25.0,interactive
80,2904000,0.1806148104334451,138.41611294225658,183.65127019205823,25.0,interactive
81,2929000,0.18055396906118168,138.46275509750006,183.77871744338756,25.0,interactive
82,2954000,0.18049370223027103,138.50898779895041,183.90506001137518,25.0,interactive
83,2979000,0.18043399968426183,138.55481807058007,184.0303167180161,25.0,interactive
84,3004000,0.18037485143432433,138.60025275808843,184.15450590981575,25.0,interactive
85,3029000,0.18031624775010047,138.64529853486854,184.27764547364686,25.0,interactive
86,3054000,0.18025817915094125,138.6899619077255,184.39975285195106,25.0,interactive
87,3079000,0.18020063639750825,138.7342492223612,184.52084505731744,25.0,interactive
88,3104000,0.18014361048372504,138.7781666686347,184.64093868646955,25.0,interactive
89,3129000,0.18008709262905898,138.8217202856102,184.76004993368807,25.0,interactive
90,904000,0.16296268703587824,153.40935066010505,198.6004452404055,25.0,non_interactive
91,929000,0.16271839568311444,153.639666216266,199.18979935648719,25.0,non_interactive
92,954000,0.162481356148382,153.86380685528857,199.76363180526445,25.0,non_interactive
93,979000,0.16225116984724675,154.08209397526403,200.32274312531146,25.0,non_interactive
94,1004000,0.16202746963651107,154.2948245509509,200.86787339221237,25.0,non_interactive
95,1029000,0.16180991662000904,154.50227354550503,201.39970816189538,25.0,non_interactive
96,1054000,0.16159819734791572,154.70469603182394,201.9188837009377,25.0,non_interactive
97,1079000,0.1613920213529986,154.90232906445664,202.42599160411845,25.0,non_interactive
98,1104000,0.161191118976469,155.0953933364626,202.92158288340832,25.0,non_interactive
99,1129000,0.16099523944366756,155.28409465018706,203.40617159939393,25.0,non_interactive
100,1154000,0.16080414915602065,155.46862522647774,203.8802380952515,25.0,non_interactive
101,1179000,0.16061763017084707,155.64916487316987,204.34423188436568,25.0,non_interactive
102,1204000,0.16043547884483597,155.825882030611,204.79857423517933,25.0,non_interactive
103,1229000,0.16025750462057314,155.99893470942396,205.2436604906024,25.0,non_interactive
104,1254000,0.1600835289384488,156.1684713335646,205.67986215403542,25.0,non_interactive
105,1279000,0.15991338425876864,156.33463149992187,206.10752876964037,25.0,non_interactive
106,1304000,0.1597469131809888,156.49754666417684,206.5269896207491,25.0,non_interactive
107,1329000,0.15958396764876234,156.6573407613474,206.9385552671188,25.0,non_interactive
108,1354000,0.15942440823099327,156.81413076833874,207.34251893904977,25.0,non_interactive
109,1379000,0.15926810347037024,156.96802721488376,207.7391578040672,25.0,non_interactive
110,1404000,0.15911492929194612,157.11913464845074,208.12873411990248,25.0,non_interactive
111,1429000,0.15896476846526678,157.26755205800467,208.51149628580353,25.0,non_interactive
112,1454000,0.15881751011435283,157.41337326091647,208.8876798027541,25.0,non_interactive
113,1479000,0.15867304927053408,157.55668725679777,209.25750815190952,25.0,non_interactive
114,1504000,0.15853128646373238,157.69757855159597,209.62119359947374,25.0,non_interactive
115,1529000,0.15839212734830613,157.8361274549,209.9789379352864,25.0,non_interactive
116,1554000,0.15825548236002068,157.97241035306862,210.3309331515692,25.0,non_interactive
117,1579000,0.1581212664010996,158.1064999605021,210.6773620675574,25.0,non_interactive
118,1604000,0.1579893985506513,158.23846555112377,211.01839890511397,25.0,non_interactive
119,1629000,0.15785980179806486,158.368373171912,211.35420981987104,25.0,non_interactive
120,1654000,0.1577324027972337,158.49628584012447,211.68495339196375,25.0,non_interactive
121,1679000,0.1576071316396865,158.62226372569066,212.0107810799864,25.0,non_interactive
122,1704000,0.15748392164491715,158.74636432008666,212.33183764143385,25.0,non_interactive
123,1729000,0.15736270916637563,158.86864259287842,212.64826152255358,25.0,non_interactive
124,1754000,0.15724343341174088,158.98915113699957,212.96018522024156,25.0,non_interactive
125,1779000,0.15712603627624055,159.10794030371858,213.26773561835563,25.0,non_interactive
126,1804000,0.1570104621878963,159.22505832816543,213.5710343005832,25.0,non_interactive
127,1829000,0.15689665796369295,159.34055144619578,213.87019784180285,25.0,non_interactive
128,1854000,0.15678457267575996,159.45446400330167,214.16533807968693,25.0,non_interactive
129,1879000,0.15667415752674524,159.56683855620764,214.45656236813352,25.0,non_interactive
130,1904000,0.15656536573363358,159.67771596773696,214.74397381396614,25.0,non_interactive
131,1929000,0.1564581524193384,159.7871354954718,215.0276714982131,25.0,non_interactive
132,1954000,0.1563524745114494,159.8951348746917,215.3077506831526,25.0,non_interactive
133,1979000,0.15624829064758258,160.0017503960245,215.58430300621202,25.0,non_interactive
134,2004000,0.15614556108682015,160.1070169782123,215.8574166617094,25.0,non_interactive
135,2029000,0.15604424762678196,160.2109682363532,216.12717657134073,25.0,non_interactive
136,2054000,0.155944313525902,160.3136365459556,216.39366454423924,25.0,non_interactive
137,2079000,0.1558457234305283,160.41505310310492,216.656959427365,25.0,non_interactive
138,2104000,0.15574844330648732,160.5152479810287,216.9171372469133,25.0,non_interactive
139,2129000,0.15565244037479511,160.61425018330945,217.17427134138242,25.0,non_interactive
140,2154000,0.1555576830512157,160.71208769398436,217.42843248688462,25.0,non_interactive
141,2179000,0.15546414088939378,160.8087875247479,217.67968901522897,25.0,non_interactive
142,2204000,0.15537178452731557,160.90437575945333,217.9281069252848,25.0,non_interactive
143,2229000,0.15528058563686337,160.99887759609942,218.1737499880644,25.0,non_interactive
144,2254000,0.1551905168762555,161.09231738646946,218.41667984595716,25.0,non_interactive
145,2279000,0.15510155184517488,161.18471867357874,218.65695610649442,25.0,non_interactive
146,2304000,0.15501366504240796,161.2761042270732,218.89463643100655,25.0,non_interactive
147,2329000,0.15492683182582628,161.36649607671447,219.1297766185016,25.0,non_interactive
148,2354000,0.1548410283745591,161.45591554407156,219.36243068507065,25.0,non_interactive
149,2379000,0.1547562316532138,161.5443832725351,219.59265093910474,25.0,non_interactive
150,2404000,0.15467241937801354,161.63191925575913,219.82048805258344,25.0,non_interactive
151,2429000,0.15458956998473106,161.7185428646271,220.04599112868178,25.0,non_interactive
152,2454000,0.15450766259830548,161.80427287283408,220.26920776591976,25.0,non_interactive
153,2479000,0.15442667700403734,161.8891274811696,220.4901841190634,25.0,non_interactive
154,2504000,0.1543465936202649,161.9731243405791,220.7089649569757,25.0,non_interactive
155,2529000,0.1542673934724319,162.05628057407728,220.92559371759586,25.0,non_interactive
156,2554000,0.15418905816846334,162.1386127975799,221.14011256021942,25.0,non_interactive
157,2579000,0.15411156987537003,162.22013713971955,221.35256241523354,25.0,non_interactive
158,2604000,0.15403491129700986,162.30086926070314,221.56298303145846,25.0,non_interactive
159,2629000,0.1539590656529378,162.38082437026637,221.7714130212261,25.0,non_interactive
160,2654000,0.15388401665828302,162.46001724477563,221.9778899033336,25.0,non_interactive
161,2679000,0.1538097485045921,162.53846224352685,222.18245014398155,25.0,non_interactive
162,2704000,0.15373624584158316,162.61617332428645,222.38512919581413,25.0,non_interactive
163,2729000,0.15366349375976276,162.6931640581136,222.58596153516652,25.0,non_interactive
164,2754000,0.15359147777385365,162.76944764350608,222.78498069761505,25.0,non_interactive
165,2779000,0.15352018380698948,162.84503691990628,222.9822193119227,25.0,non_interactive
166,2804000,0.1534495981756373,162.91994438059837,223.17770913246787,25.0,non_interactive
167,2829000,0.15337970757520314,162.99418218503465,223.37148107023464,25.0,non_interactive
168,2854000,0.1533104990662879,163.06776217061676,223.56356522244133,25.0,non_interactive
169,2879000,0.15324196006155802,163.1406958639617,223.75399090088013,25.0,non_interactive
170,2904000,0.15317407831319652,163.21299449168063,223.942786659031,25.0,non_interactive
171,2929000,0.1531068419009062,163.2846689906941,224.12998031801757,25.0,non_interactive
172,2954000,0.15304023922043516,163.35573001810755,224.3155989914591,25.0,non_interactive
173,2979000,0.15297425897259728,163.4261879606707,224.49966910927782,25.0,non_interactive
174,3004000,0.15290889015276435,163.49605294383886,224.6822164405136,25.0,non_interactive
175,3029000,0.1528441220408018,163.5653348404608,224.86326611519164,25.0,non_interactive
176,3054000,0.15277994419143132,163.63404327910553,225.042842645296,25.0,non_interactive
177,3079000,0.15271634642499357,163.7021876520515,225.22096994488683,25.0,non_interactive
178,3104000,0.1526533188185957,163.7697771229497,225.39767134940698,25.0,non_interactive
179,3129000,0.15259085169762082,163.8368206341809,225.5729696342137,25.0,non_interactive
180,904000,0.2625548005533227,190.4364342020302,201.5608704845636,50.0,interactive
181,929000,0.2622637853447224,190.647747779128,202.05797489925135,50.0,interactive
182,954000,0.2619814372609305,190.85321663534725,202.54153973595137,50.0,interactive
183,979000,0.2617072788368715,191.05315000109803,203.01227543248663,50.0,interactive
184,1004000,0.26144087033834007,191.2478333448523,203.47083814528074,50.0,interactive
185,1029000,0.2611818059231323,191.4375307394703,203.91783513152026,50.0,interactive
186,1054000,0.26092971027571704,191.6224869416611,204.35382948113104,50.0,interactive
187,1079000,0.2606842356472857,191.8029292252702,204.77934429052902,50.0,interactive
188,1104000,0.2604450592441688,191.9790690025135,205.19486635529083,50.0,interactive
189,1129000,0.26021188091672365,192.15110326189003,205.6008494467326,50.0,interactive
190,1154000,0.25998442110828873,192.319215847068,205.9977172273811,50.0,interactive
191,1179000,0.2597624190299855,192.4835785973655,206.38586585202492,50.0,interactive
192,1204000,0.25954563103227324,192.64435236739834,206.7656662941487,50.0,interactive
193,1229000,0.25933382914843356,192.8016879409194,207.13746643179564,50.0,interactive
194,1254000,0.25912679978872966,192.9557268517414,207.50159292208272,50.0,interactive
195,1279000,0.25892434256698377,193.10660212283824,207.85835288954064,50.0,interactive
196,1304000,0.2587262692438335,193.25443893321128,208.20803545000953,50.0,interactive
197,1329000,0.25853240277307127,193.3993552208149,208.55091308893893,50.0,interactive
198,1354000,0.25834257643927,193.5414622287541,208.88724291045114,50.0,interactive
199,1379000,0.2581566330764459,193.68086500103175,209.21726777143408,50.0,interactive
200,1404000,0.25797442435882206,193.8176628333278,209.541217313123,50.0,interactive
201,1429000,0.2577958101558822,193.95194968361332,209.85930890108418,50.0,interactive
202,1454000,0.2576206579448695,194.08381454681302,210.17174848318206,50.0,interactive
203,1479000,0.25744884227472214,194.21334179722314,210.47873137396405,50.0,interactive
204,1504000,0.2572802442761532,194.34061150195512,210.78044297290293,50.0,interactive
205,1529000,0.2571147512132062,194.4656997082937,211.07705942307206,50.0,interactive
206,1554000,0.2569522560721586,194.58867870752906,211.3687482160813,50.0,interactive
207,1579000,0.25679265718411504,194.70961727753388,211.65566874844637,50.0,interactive
208,1604000,0.25663585787804194,194.82858090610594,211.9379728339924,50.0,interactive
209,1629000,0.25648176616135726,194.94563199687306,212.21580517639435,50.0,interactive
210,1654000,0.25633029442549554,195.06083005937055,212.48930380551215,50.0,interactive
211,1679000,0.2561813591741538,195.17423188472375,212.7586004808028,50.0,interactive
212,1704000,0.2560348807721578,195.28589170822536,213.0238210647362,50.0,interactive
213,1729000,0.25589078321310854,195.39586135995947,213.28508586885638,50.0,interactive
214,1754000,0.25574899390415257,195.50419040451268,213.54250997485306,50.0,interactive
215,1779000,0.25560944346639014,195.61092627070508,213.7962035327758,50.0,interactive
216,1804000,0.25547206554958257,195.71611437218326,214.04627203831706,50.0,interactive
217,1829000,0.25533679665995146,195.8197982196363,214.29281659089963,50.0,interactive
218,1854000,0.25520357599997784,195.92201952532335,214.53593413413975,50.0,interactive
219,1879000,0.25507234531921635,196.02281830053474,214.7757176801109,50.0,interactive
220,1904000,0.2549430487752323,196.12223294655092,215.01225651869913,50.0,interactive
221,1929000,0.2548156328038485,196.2203003396142,215.24563641322055,50.0,interactive
222,1954000,0.25469004599796974,196.31705591037732,215.47593978337162,50.0,interactive
223,1979000,0.2545662389943129,196.41253371825562,215.70324587647966,50.0,interactive
224,2004000,0.25444416436743705,196.5067665210672,215.92763092794237,50.0,interactive
225,2029000,0.25432377653051513,196.59978584031734,216.1491683116614,50.0,interactive
226,2054000,0.2542050316423434,196.69162202244704,216.36792868121248,50.0,interactive
227,2079000,0.2540878875201242,196.7823042963428,216.58398010242436,50.0,interactive
228,2104000,0.2539723035575991,196.87186082737702,216.79738817798858,50.0,interactive
229,2129000,0.25385824064814483,196.96031876822744,217.00821616466627,50.0,interactive
230,2154000,0.2537456611124771,197.047704306702,217.21652508361254,50.0,interactive
231,2179000,0.25363452863063535,197.13404271077914,217.42237382430048,50.0,interactive
232,2204000,0.25352480817794903,197.21935837105536,217.6258192424803,50.0,interactive
233,2229000,0.2534164659647107,197.30367484077658,217.82691625258292,50.0,interactive
234,2254000,0.2533094693793012,197.38701487361638,218.02571791494128,50.0,interactive
235,2279000,0.25320378693453494,197.46940045935153,218.22227551817204,50.0,interactive
236,2304000,0.25309938821700767,197.5508528575737,218.41663865703717,50.0,interactive
237,2329000,0.25299624383925023,197.63139262956489,218.60885530608127,50.0,interactive
238,2354000,0.2528943253945034,197.71103966845567,218.79897188931398,50.0,interactive
239,2379000,0.25279360541394313,197.78981322777634,218.98703334618887,50.0,interactive
240,2404000,0.2526940573262016,197.867731948501,219.17308319411728,50.0,interactive
241,2429000,0.25259565541900697,197.94481388470336,219.35716358770406,50.0,interactive
242,2454000,0.25249837480287657,198.02107652785725,219.5393153749639,50.0,interactive
243,2479000,0.2524021913768427,198.09653682978038,219.7195781507855,50.0,interactive
244,2504000,0.2523070817955714,198.17121122470857,219.8979903074069,50.0,interactive
245,2529000,0.25221302343846036,198.24511565002484,220.0745890826068,50.0,interactive
246,2554000,0.2521199943802105,198.31826556602772,220.24941060544444,50.0,interactive
247,2579000,0.2520279733638691,198.39067597393944,220.4224899405475,50.0,interactive
248,2604000,0.25193693977025655,198.46236143693508,220.5938611263542,50.0,interactive
249,2629000,0.2518468735986939,198.533336092441,220.76355721923449,50.0,interactive
250,2654000,0.2517577554389607,198.6036136714868,220.93161032787094,50.0,interactive
251,2679000,0.2516695664494052,198.67320751335993,221.09805164980085,50.0,interactive
252,2704000,0.2515822883351492,198.74213058032026,221.26291150550426,50.0,interactive
253,2729000,0.251495903327318,198.81039547163428,221.42621937091187,50.0,interactive
254,2754000,0.2514103941632453,198.8780144369612,221.58800390842524,50.0,interactive
255,2779000,0.251325744067593,198.94499938913026,221.74829299652544,50.0,interactive
256,2804000,0.2512419367343399,199.01136191634032,221.9071137580479,50.0,interactive
257,2829000,0.25115895630958973,199.0771132938129,222.06449258719746,50.0,interactive
258,2854000,0.25107678737515565,199.14226449492782,222.22045517536645,50.0,interactive
259,2879000,0.25099541493287825,199.20682620186952,222.37502653582166,50.0,interactive
260,2904000,0.25091482438963947,199.27080881580846,222.52823102731676,50.0,interactive
261,2929000,0.25083500154303484,199.3342224666428,222.68009237668787,50.0,interactive
262,2954000,0.2507559325676723,199.39707702232064,222.83063370048458,50.0,interactive
263,2979000,0.2506776040020598,199.45938209776872,222.97987752568181,50.0,interactive
264,3004000,0.2506000027360575,199.52114706344244,223.12784580952334,50.0,interactive
265,3029000,0.2505231159988627,199.58238105351919,223.27455995853754,50.0,interactive
266,3054000,0.25044693134750085,199.643092973752,223.42004084676796,50.0,interactive
267,3079000,0.25037143665579864,199.70329150899965,223.56430883325658,50.0,interactive
268,3104000,0.2502966201038127,199.7629851304507,223.70738377881443,50.0,interactive
269,3129000,0.25022247016769505,199.82218210255382,223.84928506211747,50.0,interactive
270,904000,0.22942540200362796,217.93576283767104,241.17508909800998,50.0,non_interactive
271,929000,0.22910080634398625,218.24453958894793,241.8783656075953,50.0,non_interactive
272,954000,0.22878584004455121,218.54499382594463,242.56305178256434,50.0,non_interactive
273,979000,0.22847997386170693,218.8375600491959,243.23010838635295,50.0,non_interactive
274,1004000,0.22818272030481482,219.12263966880653,243.8804235140626,50.0,non_interactive
275,1029000,0.22789362939365607,219.4006042776721,244.51481974346527,50.0,non_interactive
276,1054000,0.22761228493864857,219.6717985300186,245.13406042731546,50.0,non_interactive
277,1079000,0.2273383012686624,219.9365426809947,245.73885524782526,50.0,non_interactive
278,1104000,0.22707132034353636,220.19513483409074,246.3298651347521,50.0,non_interactive
279,1129000,0.2268110091984569,220.44785293579204,246.90770663265099,50.0,non_interactive
280,1154000,0.22655705767561166,220.69495655081676,247.47295578970898,50.0,non_interactive
281,1179000,0.22630917640535356,220.93668844626313,248.02615162971517,50.0,non_interactive
282,1204000,0.22606709500476205,221.17327600881836,248.56779925967155,50.0,non_interactive
283,1229000,0.22583056046619537,221.4049325156969,249.09837265798697,50.0,non_interactive
284,1254000,0.22559933571237362,221.63185827704373,249.61831718187332,50.0,non_interactive
285,1279000,0.2253731982978238,221.85424166509156,250.12805182720123,50.0,non_interactive
286,1304000,0.22515193923931512,222.07226004327129,250.62797126958765,50.0,non_interactive
287,1329000,0.22493536196026115,222.28608060671846,251.1184477116453,50.0,non_interactive
288,1354000,0.2247232813360592,222.49586114412514,251.59983255807342,50.0,non_interactive
289,1379000,0.22451552282904952,222.70175072959643,252.07245793750064,50.0,non_interactive
290,1404000,0.224311921703211,222.90389035209384,252.53663808759543,50.0,non_interactive
291,1429000,0.22411232230997127,223.10241348909258,252.99267061793452,50.0,non_interactive
292,1454000,0.22391657743756463,223.29744663028202,253.440837663352,50.0,non_interactive
293,1479000,0.22372454771729153,223.4891097564415,253.88140693896753,50.0,non_interactive
294,1504000,0.2235361010808389,223.67751677800874,254.31463270679495,50.0,non_interactive
295,1529000,0.2233511122634927,223.86277593734923,254.74075666266805,50.0,non_interactive
296,1554000,0.22316946234868187,224.044990178269,255.16000875124521,50.0,non_interactive
297,1579000,0.22299103834981035,224.2242574859176,255.57260791598006,50.0,non_interactive
298,1604000,0.2228157328257831,224.4006711998851,255.97876279018658,50.0,non_interactive
299,1629000,0.22264344352703355,224.57432030298688,256.37867233466727,50.0,non_interactive
300,1654000,0.22247407306920333,224.74528968796682,256.7725264267876,50.0,non_interactive
301,1679000,0.22230752863192954,224.91366040411557,257.1605064053664,50.0,non_interactive
302,1704000,0.22214372168046856,225.0795098855865,257.5427855753041,50.0,non_interactive
303,1729000,0.22198256770811367,225.2429121630187,257.91952967546433,50.0,non_interactive
304,1754000,0.2218239859975752,225.40393805991098,258.2908973129721,50.0,non_interactive
305,1779000,0.22166789939968481,225.56265537503936,258.6570403667899,50.0,non_interactive
306,1804000,0.221514234127933,225.7191290521,259.018104363131,50.0,non_interactive
307,1829000,0.22136291956751297,225.87342133762658,259.3742288250486,50.0,non_interactive
308,1854000,0.22121388809765427,226.0255919281507,259.7255475982936,50.0,non_interactive
309,1879000,0.2210670749261633,226.17569810746386,260.0721891553541,50.0,non_interactive
310,1904000,0.2209224179351778,226.32379487477274,260.41427687940904,50.0,non_interactive
311,1929000,0.2207798575372372,226.46993506446526,260.75192932975733,50.0,non_interactive
312,1954000,0.22063933654085913,226.6141694581317,261.0852604901701,50.0,non_interactive
313,1979000,0.22050080002487701,226.75654688943973,261.41438000145166,50.0,non_interactive
314,2004000,0.22036419522086625,226.8971143424007,261.73939337941033,50.0,non_interactive
315,2029000,0.22022947140304716,227.03591704351783,262.06040221932113,50.0,non_interactive
316,2054000,0.22009657978509528,227.17299854827615,262.37750438786776,50.0,non_interactive
317,2079000,0.21996547342336006,227.30840082237225,262.6907942034833,50.0,non_interactive
318,2104000,0.21983610712600635,227.44216431807922,263.0003626059088,50.0,non_interactive
319,2129000,0.2197084373676661,227.57432804607606,263.30629731574606,50.0,non_interactive
320,2154000,0.2195824222091925,227.70492964307425,263.6086829846953,50.0,non_interactive
321,2179000,0.2194580212221641,227.83400543552457,263.907601337129,50.0,non_interactive
322,2204000,0.21933519541780538,227.96159049967525,264.2031313035947,50.0,non_interactive
323,2229000,0.21921390718001385,228.08771871823376,264.4953491467859,50.0,non_interactive
324,2254000,0.2190941202022196,228.2124228338532,264.78432858049507,50.0,non_interactive
325,2279000,0.21897579942781384,228.33573449965954,265.0701408820063,50.0,non_interactive
326,2304000,0.21885891099390917,228.45768432701146,265.35285499835896,50.0,non_interactive
327,2329000,0.2187434221782116,228.57830193067335,265.632537646879,50.0,non_interactive
328,2354000,0.21862930134879963,228.69761597156804,265.90925341034534,50.0,non_interactive
329,2379000,0.21851651791662344,228.8156541972624,266.1830648271324,50.0,non_interactive
330,2404000,0.2184050422905499,228.93244348032817,266.45403247664075,50.0,non_interactive
331,2429000,0.21829484583478925,229.04800985471363,266.7222150603111,50.0,non_interactive
332,2454000,0.21818590082855938,229.16237855024252,266.98766947849236,50.0,non_interactive
333,2479000,0.21807818042784338,229.27557402536084,267.2504509034146,50.0,non_interactive
334,2504000,0.21797165862911513,229.38761999823288,267.5106128485043,50.0,non_interactive
335,2529000,0.21786631023491054,229.4985394762888,267.7682072342549,50.0,non_interactive
336,2554000,0.21776211082113633,229.60835478431136,268.02328445086084,50.0,non_interactive
337,2579000,0.21765903670600922,229.7170875911516,268.2758934178024,50.0,non_interactive
338,2604000,0.21755706492053298,229.82475893514876,268.52608164055755,50.0,non_interactive
339,2629000,0.21745617318041804,229.9313892483348,268.77389526460365,50.0,non_interactive
340,2654000,0.2173563398593662,230.03699837948585,269.0193791268673,50.0,non_interactive
341,2679000,0.2172575439636375,230.14160561609094,269.2625768047628,50.0,non_interactive
342,2704000,0.21715976510782736,230.24522970529677,269.5035306629522,50.0,non_interactive
343,2729000,0.21706298349178743,230.34788887388416,269.74228189795804,50.0,non_interactive
344,2754000,0.21696717987862402,230.44960084733114,269.97887058073945,50.0,non_interactive
345,2779000,0.2168723355737151,230.550382868012,270.2133356973467,50.0,non_interactive
346,2804000,0.21677843240469205,230.65025171257662,270.44571518775757,50.0,non_interactive
347,2829000,0.2166854527023297,230.74922370855782,270.6760459829892,50.0,non_interactive
348,2854000,0.21659337928229971,230.8473147502439,270.90436404057834,50.0,non_interactive
349,2879000,0.2165021954277373,230.94454031385874,271.13070437851366,50.0,non_interactive
350,2904000,0.21641188487258398,231.04091547207915,271.3551011077079,50.0,non_interactive
351,2929000,0.2163224317856576,231.13645490793272,271.5775874630703,50.0,non_interactive
352,2954000,0.21623382075541903,231.23117292809965,271.798195833265,50.0,non_interactive
353,2979000,0.2161460367753954,231.32508347565346,272.01695778921555,50.0,non_interactive
354,3004000,0.2160590652302287,231.41820014226616,272.2339041114177,50.0,non_interactive
355,3029000,0.2159728918823155,231.51053617990726,272.4490648161205,50.0,non_interactive
356,3054000,0.21588750285900934,231.6021045120603,272.66246918043385,50.0,non_interactive
357,3079000,0.21580288464035888,231.6929177444792,272.8741457664113,50.0,non_interactive
358,3104000,0.2157190240473535,231.78298817550865,273.0841224441616,50.0,non_interactive
359,3129000,0.21563590823065107,231.87232780599047,273.29242641403107,50.0,non_interactive
360,904000,0.3494925700534073,286.12911566251216,247.9207948910339,100.0,interactive
361,929000,0.34913354112691136,286.42335444834737,248.52689816721727,100.0,interactive
362,954000,0.3487852033834574,286.7094103474887,249.11642423166694,100.0,interactive
363,979000,0.34844696772317013,286.9877176817529,249.69024499671764,100.0,interactive
364,1004000,0.3481182916123345,287.2586773215591,250.2491656413129,100.0,interactive
365,1029000,0.34779867434415995,287.5226600232703,250.7939312367497,100.0,interactive
366,1054000,0.34748765288432226,287.78000936133907,251.32523257111467,100.0,interactive
367,1079000,0.3471847982170876,288.03104431281014,251.84371128585445,100.0,interactive
368,1104000,0.34688971212159503,288.27606154242784,252.34996441962977,100.0,interactive
369,1129000,0.34660202431914355,288.5153374289649,252.8445484396035,100.0,interactive
370,1154000,0.34632138994157763,288.74912986711394,253.32798282795142,100.0,interactive
371,1179000,0.3460474872785129,288.97767987408037,253.80075328116465,100.0,interactive
372,1204000,0.3457800157674702,289.2012130257056,254.26331457119915,100.0,interactive
373,1229000,0.3455186941962634,289.41994074334355,254.71609311043642,100.0,interactive
374,1254000,0.34526325909139605,289.63406144969684,255.15948925647518,100.0,interactive
375,1279000,0.34501346326991933,289.8437616092841,255.5938793877558,100.0,interactive
376,1304000,0.3447690745353239,290.04921666706605,256.01961777681015,100.0,interactive
377,1329000,0.3445298745006718,290.2505918969445,256.4370382843368,100.0,interactive
378,1354000,0.34429565752440827,290.44804317031117,256.84645589426464,100.0,interactive
379,1379000,0.34406622974619694,290.64171765350454,257.2481681073673,100.0,interactive
380,1404000,0.3438414082117475,290.83175444191147,257.64245620877534,100.0,interactive
381,1429000,0.34362102007699136,291.01828513748694,258.02958642281794,100.0,interactive
382,1454000,0.34340490188315614,291.2014343756371,258.4098109669964,100.0,interactive
383,1479000,0.3431928988953241,291.38132030669027,258.78336901546953,100.0,interactive
384,1504000,0.3429848644979364,291.55805503657047,259.1504875812055,100.0,interactive
385,1529000,0.3427806596414837,291.7317450307453,259.51138232489757,100.0,interactive
386,1554000,0.34258015233528827,291.90249148505404,259.8662582978127,100.0,interactive
387,1579000,0.34238321718186104,292.07039066661895,260.21531062493915,100.0,interactive
388,1604000,0.3421897349488228,292.2355342276874,260.5587251340925,100.0,interactive
389,1629000,0.3419995921748299,292.39800949493554,260.89667893602825,100.0,interactive
390,1654000,0.3418126808063197,292.55789973650127,261.229340960064,100.0,interactive
391,1679000,0.34162889786224054,292.71528440876887,261.5568724492373,100.0,interactive
392,1704000,0.3414481451242297,292.8702393847148,261.8794274186177,100.0,interactive
393,1729000,0.3412703288499611,293.0228371654449,262.1971530800005,100.0,interactive
394,1754000,0.34109535950762326,293.1731470763825,262.51019023590607,100.0,interactive
395,1779000,0.3409231515296941,293.3212354494209,262.81867364550146,100.0,interactive
396,1804000,0.340753623084356,293.4671657922307,263.1227323648092,100.0,interactive
397,1829000,0.3405866958630649,293.6109989457887,263.42249006334197,100.0,interactive
398,1854000,0.34042229488292686,293.75279323109714,263.71806531909306,100.0,interactive
399,1879000,0.3402603483026628,293.89260458597323,264.0095718936327,100.0,interactive
400,1904000,0.3401007872510626,294.03048669269896,264.29711898889724,100.0,interactive
401,1929000,0.3399435456669276,294.1664910972563,264.5808114871146,100.0,interactive
402,1954000,0.339788560149593,294.3006673208029,264.86075017517254,100.0,interactive
403,1979000,0.33963576981920507,294.4330629639864,265.13703195462705,100.0,interactive
404,2004000,0.33948511618600485,294.56372380463864,265.40975003843977,100.0,interactive
405,2029000,0.3393365430279268,294.6926938893527,265.6789941354303,100.0,interactive
406,2054000,0.3391899962758957,294.8200156193888,265.9448506233619,100.0,interactive
407,2079000,0.33904542390624415,294.9457298313305,266.2074027114825,100.0,interactive
408,2104000,0.33890277583973066,295.0698758728688,266.4667305932836,100.0,interactive
409,2129000,0.338762003846681,295.1924916740622,266.7229115901774,100.0,interactive
410,2154000,0.3386230614578129,295.3136138143929,266.9760202867288,100.0,interactive
411,2179000,0.33848590388034233,295.43327758591346,267.22612865803006,100.0,interactive
412,2204000,0.33835048791900135,295.5515170527529,267.4733061897635,100.0,interactive
413,2229000,0.3382167719016285,295.6683651072317,267.71761999144246,100.0,interactive
414,2254000,0.3380847156090185,295.78385352281356,267.9591349032999,100.0,interactive
415,2279000,0.3379542802087419,295.8980130041072,268.1979135972368,100.0,interactive
416,2304000,0.3378254281926715,296.0108732341106,268.43401667222713,100.0,interactive
417,2329000,0.33769812331796734,296.12246291887953,268.6675027445438,100.0,interactive
418,2354000,0.33757233055129643,296.23280982978645,268.89842853312825,100.0,interactive
419,2379000,0.3374480160160762,296.34194084352225,269.12684894042854,100.0,interactive
420,2404000,0.3373251469425465,296.44988197998794,269.35281712897506,100.0,interactive
421,2429000,0.33720369162049335,296.55665843820367,269.5763845939745,100.0,interactive
422,2454000,0.33708361935445713,296.6622946303598,269.7976012321595,100.0,interactive
423,2479000,0.33696490042126853,296.7668142141258,270.016515407126,100.0,interactive
424,2504000,0.3368475060297734,296.87024012331904,270.2331740113709,100.0,interactive
425,2529000,0.33673140828260684,296.97259459703713,270.44762252522565,100.0,interactive
426,2554000,0.3366165801399003,297.0738992073393,270.6599050728746,100.0,interactive
427,2579000,0.33650299538480033,297.1741748855676,270.8700644756244,100.0,interactive
428,2604000,0.33639062859069446,297.2734419473845,271.07814230258805,100.0,interactive
429,2629000,0.33627945509004314,297.3717201166028,271.2841789189307,100.0,interactive
430,2654000,0.33616945094472683,297.4690285478738,271.4882135318172,100.0,interactive
431,2679000,0.3360605929178171,297.56538584830383,271.69028423419223,100.0,interactive
432,2704000,0.33595285844669415,297.66081009805447,271.89042804651154,100.0,interactive
433,2729000,0.3358462256174336,297.7553188699854,272.0886809565429,100.0,interactive
434,2754000,0.3357406731403903,297.8489292483931,272.28507795733697,100.0,interactive
435,2779000,0.33563618032691606,297.94165784689267,272.47965308347557,100.0,interactive
436,2804000,0.3355327270671447,298.033520825492,272.6724394456809,100.0,interactive
437,2829000,0.3354302938087905,298.1245339068994,272.8634692638818,100.0,interactive
438,2854000,0.3353288615369019,298.2147123921074,273.05277389881627,100.0,interactive
439,2879000,0.3352284117545216,298.30407117528927,273.24038388224307,100.0,interactive
440,2904000,0.3351289264642058,298.39262475804435,273.4263289458431,100.0,interactive
441,2929000,0.3350303881503528,298.4803872630283,273.61063804887146,100.0,interactive
442,2954000,0.3349327797623053,298.56737244699633,273.7933394046266,100.0,interactive
443,2979000,0.33483608469818077,298.65359371329225,273.97446050579754,100.0,interactive
444,3004000,0.3347402867893959,298.73906412381035,274.15402814874443,100.0,interactive
445,3029000,0.3346453702858488,298.8237964104556,274.3320684567677,100.0,interactive
446,3054000,0.3345513198417259,298.9078029861289,274.50860690241234,100.0,interactive
447,3079000,0.33445812050190155,298.9910959552601,274.68366832885795,100.0,interactive
448,3104000,0.3343657576889032,299.07368712390956,274.8572769704404,100.0,interactive
449,3129000,0.3342742171904117,299.1555880094613,275.0294564723421,100.0,interactive
450,904000,0.31077721384530893,321.773912452203,296.5008831940833,100.0,non_interactive
451,929000,0.3103703624535025,322.19571227578564,297.35446472117695,100.0,non_interactive
452,954000,0.30997556049165725,322.6060784966027,298.18537979619856,100.0,non_interactive
453,979000,0.3095921460926225,323.00561000046304,298.994802857254,100.0,non_interactive
454,1004000,0.3092195095909065,323.39485995660084,299.7838193491383,100.0,non_interactive
455,1029000,0.3088570882198924,323.7743403473534,300.5534344942815,100.0,non_interactive
456,1054000,0.3085043614615715,324.1445259517227,301.3045810083215,100.0,non_interactive
457,1079000,0.3081608469558197,324.50585785914836,302.03812590988355,100.0,non_interactive
458,1104000,0.3078260968905897,324.8587465784062,302.7548765492411,100.0,non_interactive
459,1129000,0.3074996948069599,325.2035747963176,303.4555859609599,100.0,non_interactive
460,1154000,0.30718125276330555,325.5406998325307,304.14095762949836,100.0,non_interactive
461,1179000,0.30687040881138355,325.87045582966107,304.81164974336616,100.0,non_interactive
462,1204000,0.3065668247441811,326.19315571228674,305.4682790023169,100.0,non_interactive
463,1229000,0.30627018408127754,326.50909294344547,306.1114240327704,100.0,non_interactive
464,1254000,0.3059801902623834,326.81854310322586,306.7416284588697,100.0,non_interactive
465,1279000,0.30569656502385134,327.1217653106364,307.35940367000535,100.0,non_interactive
466,1304000,0.30541904693643734,327.41900350704594,307.96523132011595,100.0,non_interactive
467,1329000,0.30514739008553526,327.71048761704697,308.55956558936646,100.0,non_interactive
468,1354000,0.30488136287759793,327.9964346005218,309.14283523480566,100.0,non_interactive
469,1379000,0.3046207469585906,328.277049407911,309.7154454531973,100.0,non_interactive
470,1404000,0.30436533623213136,328.5525258491744,310.2777795762972,100.0,non_interactive
471,1429000,0.30411493596653333,328.82304738562596,310.8302006163477,100.0,non_interactive
472,1454000,0.3038693619812903,329.0887878527127,311.37305267738486,100.0,non_interactive
473,1479000,0.3036284399047014,329.3499121208362,311.90666224610396,100.0,non_interactive
474,1504000,0.30339200449533044,329.60657670047175,312.4313393744181,100.0,non_interactive
475,1529000,0.3031598990208388,329.85893029713054,312.9473787644223,100.0,non_interactive
476,1554000,0.3029319746884895,330.10711432106774,313.4550607652781,100.0,non_interactive
477,1579000,0.30270809012227184,330.35126335608453,313.9546522904661,100.0,non_interactive
478,1604000,0.3024881108821494,330.59150559130705,314.4464076629084,100.0,non_interactive
479,1629000,0.30227190902144074,330.82796321939,314.93056939467243,100.0,non_interactive
480,1654000,0.3020593626787755,331.06075280422556,315.4073689072386,100.0,non_interactive
481,1679000,0.3018503557014386,331.2899856209227,315.8770271976782,100.0,non_interactive
482,1704000,0.3016447772972663,331.5157679705209,316.33975545555865,100.0,non_interactive
483,1729000,0.3014425217125398,331.7382014716607,316.7957556348712,100.0,non_interactive
484,1754000,0.30124348793359107,331.9573833312039,317.2452209848683,100.0,non_interactive
485,1779000,0.3010475794100648,332.17340659559784,317.6883365433033,100.0,non_interactive
486,1804000,0.30085470379797946,332.386360384609,318.1252795952154,100.0,non_interactive
487,1829000,0.30066477272092407,332.5963301088805,318.5562201001207,100.0,non_interactive
488,1854000,0.3004777015478736,332.80339767264724,318.98132109016973,100.0,non_interactive
489,1879000,0.3002934091862667,333.0076416627971,319.40073904162347,100.0,non_interactive
490,1904000,0.3001118178891033,333.20913752537325,319.81462422175156,100.0,non_interactive
491,1929000,0.2999328530749438,333.4079577305029,320.22312101308665,100.0,non_interactive
492,1954000,0.29975644315979294,333.60417192664784,320.62636821678507,100.0,non_interactive
493,1979000,0.29958251939993813,333.79784708500137,321.0244993366835,100.0,non_interactive
494,2004000,0.2994110157449037,333.9890476347716,321.41764284551357,100.0,non_interactive
495,2029000,0.2992418686997513,334.1778355900339,321.80592243459915,100.0,non_interactive
496,2054000,0.2990750171960229,334.3642706687765,322.18945724825244,100.0,non_interactive
497,2079000,0.2989104024706893,334.548410404706,322.5683621039788,100.0,non_interactive
498,2104000,0.29874796795251446,334.7303102523357,322.9427476995113,100.0,non_interactive
499,2129000,0.29858765915529945,334.91002368583713,323.3127208076053,100.0,non_interactive
500,2154000,0.29842942357751867,335.0876022920858,323.6783844594582,100.0,non_interactive
501,2179000,0.29827321060788636,335.26309585831774,324.0398381175343,100.0,non_interactive
502,2204000,0.29811897143645016,335.43655245475355,324.39717783852547,100.0,non_interactive
503,2229000,0.29796665897082036,335.6080185125441,324.7504964271131,100.0,non_interactive
504,2254000,0.2978162277571916,335.7775388973418,325.0998835811543,100.0,non_interactive
505,2279000,0.297667633905825,335.9451569787988,325.44542602884513,100.0,non_interactive
506,2304000,0.29752083502070203,336.11091469624915,325.78720765840734,100.0,non_interactive
507,2329000,0.29737579013306487,336.27485262083246,326.12530964076336,100.0,non_interactive
508,2354000,0.29723245963859574,336.43701001428235,326.4598105456614,100.0,non_interactive
509,2379000,0.29709080523799736,336.5974248845928,326.7907864516635,100.0,non_interactive
510,2404000,0.29695078988075396,336.7561340387639,327.1183110503755,100.0,non_interactive
511,2429000,0.29681237771187763,336.91317313280047,327.4424557452885,100.0,non_interactive
512,2454000,0.29667553402144753,337.0685767191396,327.7632897455517,100.0,non_interactive
513,2479000,0.2965402251967677,337.2223782916652,328.08088015499004,100.0,non_interactive
514,2504000,0.2964064186769889,337.37461032844817,328.39529205665576,100.0,non_interactive
515,2529000,0.2962740829100389,337.5253043323541,328.70658859317524,100.0,non_interactive
516,2554000,0.2961431873117202,337.6744908696483,329.0148310431394,100.0,non_interactive
517,2579000,0.29601370222685564,337.8221996067031,329.32007889377616,100.0,non_interactive
518,2604000,0.2958855988923496,337.9684593449323,329.62238991011156,100.0,non_interactive
519,2629000,0.29575884940205943,338.11329805404523,329.9218202008252,100.0,non_interactive
520,2654000,0.29563342667337017,338.25674290372024,330.2184242809898,100.0,non_interactive
521,2679000,0.29550930441537576,338.3988202937845,330.5122551318651,100.0,non_interactive
522,2704000,0.2953864570985716,338.53955588298896,330.8033642579131,100.0,non_interactive
523,2729000,0.29526485992598084,338.67897461644685,331.0918017411921,100.0,non_interactive
524,2754000,0.29514448880562427,338.81710075182133,331.37761629326263,100.0,non_interactive
525,2779000,0.29502532032426987,338.953957884318,331.66085530475425,100.0,non_interactive
526,2804000,0.29490733172238215,339.0895689705582,331.941564892704,100.0,non_interactive
527,2829000,0.2947905008702153,339.2239563513822,332.2197899457999,100.0,non_interactive
528,2854000,0.2946748062449793,339.357141773649,332.495574167628,100.0,non_interactive
529,2879000,0.2945602269090288,339.4891464110793,332.76896011803245,100.0,non_interactive
530,2904000,0.29444674248901925,339.61999088418946,333.0399892526927,100.0,non_interactive
531,2929000,0.2943343331559741,339.7496952793741,333.3087019609942,100.0,non_interactive
532,2954000,0.2942229796062239,339.87827916716753,333.57513760229665,100.0,non_interactive
533,2979000,0.2941126630431677,340.00576161973254,333.83933454067096,100.0,non_interactive
534,3004000,0.29400336515981124,340.1321612276208,334.10133017818146,100.0,non_interactive
535,3029000,0.2938950681220524,340.25749611582717,334.3611609867909,100.0,non_interactive
536,3054000,0.2937877545526663,340.3817839591859,334.6188625389543,100.0,non_interactive
537,3079000,0.2936814075159596,340.5050419971365,334.8744695369617,100.0,non_interactive
538,3104000,0.2935760105030622,340.6272870478868,335.1280158410961,100.0,non_interactive
539,3129000,0.29347154741782255,340.7485355220061,335.37953449666435,100.0,non_interactive
540,904000,0.5779402018897507,865.1414079953228,421.85395655639184,500.0,interactive
541,929000,0.5774890040874254,865.8173514318647,422.9020956905275,500.0,interactive
542,954000,0.5770512102147877,866.474224729365,423.92116367214885,500.0,interactive
543,979000,0.5766260820141031,867.1130488124035,424.9127022668637,500.0,interactive
544,1004000,0.5762129395903616,867.7347654765572,425.87813452463274,500.0,interactive
545,1029000,0.5758111554695383,868.3402453227586,426.81877662336774,500.0,interactive
546,1054000,0.5754201493903212,868.9302947242435,427.7358482744279,500.0,interactive
547,1079000,0.5750393837236507,869.5056619639939,428.6304818943114,500.0,interactive
548,1104000,0.5746683594317097,870.0670426582224,429.5037307137982,500.0,interactive
549,1129000,0.5743066124921468,870.6150845631038,430.35657596871795,500.0,interactive
550,1154000,0.5739537107249247,871.1503918468992,431.18993329422267,500.0,interactive
551,1179000,0.5736092509687875,871.6735288971257,432.00465842600227,500.0,interactive
552,1204000,0.5732728565622711,872.1850237220992,432.80155229654656,500.0,interactive
553,1229000,0.5729441750908162,872.6853709975253,433.58136560178355,500.0,interactive
554,1254000,0.572622876367062,873.1750348015971,434.344802902707,500.0,interactive
555,1279000,0.5723086506160519,873.6544510759772,435.09252631761,500.0,interactive
556,1304000,0.5720012068409842,874.1240298449222,435.8251588529258,500.0,interactive
557,1329000,0.571700271348452,874.5841572204702,436.5432874142632,500.0,interactive
558,1354000,0.5714055864149155,875.0351972179257,437.2474655337211,500.0,interactive
559,1379000,0.571116909078541,875.4774934027372,437.9382158449522,500.0,interactive
560,1404000,0.5708340100425731,875.911370387181,438.61603233340315,500.0,interactive
561,1429000,0.570556672678151,876.337135192963,439.28138238578015,500.0,interactive
562,1454000,0.5702846921159807,876.7550784938716,439.93470865983056,500.0,interactive
563,1479000,0.5700178744175595,877.1654757509082,440.57643079298487,500.0,interactive
564,1504000,0.5697560358177671,877.5685882508524,441.2069469662333,500.0,interactive
565,1529000,0.5694990020315988,877.9646640579317,441.82663533767277,500.0,interactive
566,1554000,0.5692466076186546,878.3539388871619,442.4358553585454,500.0,interactive
567,1579000,0.5689986953997238,878.7366369069582,443.0349489831069,500.0,interactive
568,1604000,0.5687551159204446,879.1129714777602,443.6242417824436,500.0,interactive
569,1629000,0.5685157269575645,879.4831458326945,444.2040439712172,500.0,interactive
570,1654000,0.5682803930638219,879.8473537056318,444.7746513553791,500.0,interactive
571,1679000,0.5680489851478941,880.2057799114326,445.3363462080375,500.0,interactive
572,1704000,0.5678213800862238,880.558600882684,445.88939807988504,500.0,interactive
573,1729000,0.567597460363881,880.9059851667677,446.4340645499923,500.0,interactive
574,1754000,0.5673771137418994,881.2480938867243,446.97059192211987,500.0,interactive
575,1779000,0.5671602329487876,881.585081169025,447.499215871238,500.0,interactive
576,1804000,0.5669467153941417,881.9170945410624,448.02016204444953,500.0,interactive
577,1829000,0.5667364629025002,882.2442753008793,448.53364662012496,500.0,interactive
578,1854000,0.5665293814657454,882.5667588614413,449.0398768286748,500.0,interactive
579,1879000,0.5663253810125355,882.8846750715073,449.5390514380821,500.0,interactive
580,1904000,0.5661243751933771,883.1981485149968,450.0313612069999,500.0,interactive
581,1929000,0.5659262811800965,883.5072987905353,450.516989307994,500.0,interactive
582,1954000,0.5657310194785604,883.8122407727521,450.9961117232367,500.0,interactive
583,1979000,0.5655385137536244,884.1130848567175,451.4688976147984,500.0,interactive
584,2004000,0.5653486906653566,884.4099371868218,451.93550967143585,500.0,interactive
585,2029000,0.5651614797156879,884.7028998712576,452.39610443367474,500.0,interactive
586,2054000,0.5649768131046964,884.9920711831842,452.8508325987673,500.0,interactive
587,2079000,0.5647946255958218,885.2775457495409,453.29983930701474,500.0,interactive
588,2104000,0.5646148543893426,885.559414728423,453.74326441080143,500.0,interactive
589,2129000,0.5644374390035278,885.8377659758231,454.18124272757257,500.0,interactive
590,2154000,0.5642623211629069,886.1126842025062,454.61390427788524,500.0,interactive
591,2179000,0.564089444693158,886.3842511216991,455.0413745095992,500.0,interactive
592,2204000,0.5639187554221486,886.6525455882396,455.4637745091296,500.0,interactive
593,2229000,0.5637502010867046,886.9176437297627,455.8812212006741,500.0,interactive
594,2254000,0.5635837312447138,887.1796190704712,456.29382753420884,500.0,interactive
595,2279000,0.5634192971922076,887.4385426479766,456.70170266301784,500.0,interactive
596,2304000,0.563256851885081,887.6944831236832,457.10495211142677,500.0,interactive
597,2329000,0.563096349865149,887.9475068871261,457.5036779334032,500.0,interactive
598,2354000,0.5629377471902556,888.19767815466,457.8979788626016,500.0,interactive
599,2379000,0.5627810013681662,888.4450590628672,458.28795045439244,500.0,interactive
600,2404000,0.5626260712940105,888.6897097570081,458.6736852204044,500.0,interactive
601,2429000,0.5624729171910438,888.931688474834,459.05527275602947,500.0,interactive
602,2454000,0.5623215005545201,889.171051626048,459.43279986133393,500.0,interactive
603,2479000,0.5621717840984839,889.4078538676848,459.8063506557802,500.0,interactive
604,2504000,0.5620237317053005,889.6421481756523,460.1760066871358,500.0,interactive
605,2529000,0.5618773083777607,889.8739859126694,460.54184703491376,500.0,interactive
606,2554000,0.561732480193598,890.1034168928202,460.90394840867816,500.0,interactive
607,2579000,0.5615892142622829,890.3304894429143,461.2623852415122,500.0,interactive
608,2604000,0.5614474786839532,890.5552504608488,461.617229778931,500.0,interactive
609,2629000,0.5613072425103561,890.7777454711445,461.96855216350673,500.0,interactive
610,2654000,0.5611684757076877,890.9980186778163,462.3164205154418,500.0,interactive
611,2679000,0.5610311491212209,891.2161130147267,462.6609010093405,500.0,interactive
612,2704000,0.5608952344416144,891.4320701935769,463.0020579473635,500.0,interactive
613,2729000,0.5607607041728159,891.6459307496508,463.33995382899195,500.0,interactive
614,2754000,0.5606275316014656,891.8577340854462,463.6746494175819,500.0,interactive
615,2779000,0.5604956907677147,892.0675185123131,464.0062038038669,500.0,interactive
616,2804000,0.5603651564373887,892.2753212901926,464.33467446660734,500.0,interactive
617,2829000,0.5602359040754149,892.4811786655745,464.66011733050584,500.0,interactive
618,2854000,0.56010790982045,892.6851259077588,464.9825868215602,500.0,interactive
619,2879000,0.5599811504606418,892.8871973435157,465.3021359199706,500.0,interactive
620,2904000,0.5598556034104658,893.0874263902261,465.61881621074224,500.0,interactive
621,2929000,0.5597312466885807,893.2858455875815,465.93267793209645,500.0,interactive
622,2954000,0.5596080588966478,893.4824866279193,466.24377002180177,500.0,interactive
623,2979000,0.5594860191990659,893.6773803852626,466.5521401615366,500.0,interactive
624,3004000,0.5593651073035764,893.8705569431273,466.85783481937904,500.0,interactive
625,3029000,0.559245303442689,894.0620456211657,467.1608992905151,500.0,interactive
626,3054000,0.5591265883558948,894.2518750006938,467.4613777362657,500.0,interactive
627,3079000,0.5590089432726181,894.4400729491718,467.759313221496,500.0,interactive
628,3104000,0.5588923498958787,894.6266666436743,468.0547477505072,500.0,interactive
629,3129000,0.5587767903866249,894.8116825934082,468.3477223014702,500.0,interactive
630,904000,0.5361092385717817,932.6457446098517,502.43426633002116,500.0,non_interactive
631,929000,0.5355750446541727,933.5759852717858,503.8812519946366,500.0,non_interactive
632,954000,0.5350565680813028,934.4806321936863,505.2892385939796,500.0,non_interactive
633,979000,0.5345529477716253,935.3610378248494,506.66026436583195,500.0,non_interactive
634,1004000,0.5340633904653463,936.218450705513,507.9962121320251,500.0,non_interactive
635,1029000,0.533587163839265,937.0540258172654,509.2988246905526,500.0,non_interactive
636,1054000,0.5331235904704862,937.8688336765321,510.56971835111665,500.0,non_interactive
637,1079000,0.5326720425212249,938.6638683596332,511.8103948664916,500.0,non_interactive
638,1104000,0.5322319370576905,939.4400545824503,513.0222520064356,500.0,non_interactive
639,1129000,0.5318027318973596,940.1982539956232,514.206592924679,500.0,non_interactive
640,1154000,0.5313839219273276,940.939270775265,515.3646345024288,500.0,non_interactive
641,1179000,0.5309750358264834,941.6638566100013,516.4975147912409,500.0,non_interactive
642,1204000,0.5305756331404323,942.3727151594624,517.6062996707606,500.0,non_interactive
643,1229000,0.5301853016647087,943.0665060499961,518.6919888185956,500.0,non_interactive
644,1254000,0.5298036550982242,943.7458484639961,519.7555210758527,500.0,non_interactive
645,1279000,0.5294303309342439,944.4113243714041,520.7977792802499,500.0,non_interactive
646,1304000,0.529064988560704,945.063481445306,521.8195946289507,500.0,non_interactive
647,1329000,0.5287073075455005,945.7028356979348,522.8217506249447,500.0,non_interactive
648,1354000,0.5283569860856182,946.3298738686062,523.8049866537685,500.0,non_interactive
649,1379000,0.5280137396017293,946.9450555910544,524.7700012313444,500.0,non_interactive
650,1404000,0.5276772994622358,947.5488153641587,525.717454958528,500.0,non_interactive
651,1429000,0.5273474118227616,948.1415643470478,526.6479732135998,500.0,non_interactive
652,1454000,0.5270238365688122,948.7236919970245,527.5621486100655,500.0,non_interactive
653,1479000,0.5267063463508378,949.2955675665074,528.460543243904,500.0,non_interactive
654,1504000,0.5263947257021876,949.8575414733151,529.343690751515,500.0,non_interactive
655,1529000,0.5260887702316038,950.4099465568927,530.2120981971882,500.0,non_interactive
656,1554000,0.5257882858828303,950.9530992316988,531.0662478067541,500.0,non_interactive
657,1579000,0.5254930882547805,951.4873005476708,531.9065985622032,500.0,non_interactive
658,1604000,0.5252030019764303,952.012837166606,532.7335876704456,500.0,non_interactive
659,1629000,0.524917860131261,952.5299822623106,533.547631917939,500.0,non_interactive
660,1654000,0.5246375037266109,953.0389963515656,534.349128921652,500.0,non_interactive
661,1679000,0.5243617812038274,953.5401280621602,535.138458285747,500.0,non_interactive
662,1704000,0.5240905479855071,954.0336148436447,535.9159826723633,500.0,non_interactive
663,1729000,0.5238236660565325,954.5196836258226,536.6820487940652,500.0,non_interactive
664,1754000,0.5235610035759137,954.9985514295518,537.4369883346944,500.0,non_interactive
665,1779000,0.5233024345167825,955.4704259339057,538.1811188047668,500.0,non_interactive
666,1804000,0.52304783833212,955.9355060034006,538.9147443368963,500.0,non_interactive
667,1829000,0.5227970996440522,956.3939821786049,539.6381564262268,500.0,non_interactive
668,1854000,0.5225501079547586,956.8460371331298,540.3516346203717,500.0,non_interactive
669,1879000,0.5223067573772081,957.2918460997466,541.0554471629225,500.0,non_interactive
670,1904000,0.5220669463841339,957.7315772680672,541.749851594253,500.0,non_interactive
671,1929000,0.5218305775737732,958.1653921560645,542.4350953129341,500.0,non_interactive
672,1954000,0.5215975574510631,958.5934459574432,543.1114161008559,500.0,non_interactive
673,1979000,0.5213677962230819,959.0158878667314,543.7790426148074,500.0,non_interactive
674,2004000,0.5211412076076418,959.4328613837832,544.4381948470651,500.0,non_interactive
675,2029000,0.5209177086540357,959.844504599232,545.0890845573011,500.0,non_interactive
676,2054000,0.5206972195750261,960.2509504623082,545.7319156779232,500.0,non_interactive
677,2079000,0.5204796635892427,960.6523270323103,546.3668846947937,500.0,non_interactive
678,2104000,0.5202649667732286,961.0487577149094,546.9941810050842,500.0,non_interactive
679,2129000,0.5200530579224338,961.4403614843761,547.6139872539068,500.0,non_interactive
680,2154000,0.5198438684205205,961.8272530927148,548.2264796512123,500.0,non_interactive
681,2179000,0.5196373321163892,962.2095432666282,548.8318282703118,500.0,non_interactive
682,2204000,0.5194333852083902,962.5873388931407,549.4301973293138,500.0,non_interactive
683,2229000,0.5192319661352178,962.9607431946717,550.0217454566,500.0,non_interactive
684,2254000,0.5190330154730425,963.3298558942422,550.6066259414531,500.0,non_interactive
685,2279000,0.518836475838444,963.6947733715058,551.1849869707855,500.0,non_interactive
686,2304000,0.5186422917967719,964.0555888101836,551.7569718529065,500.0,non_interactive
687,2329000,0.518450409775568,964.4123923374755,552.3227192291638,500.0,non_interactive
688,2354000,0.5182607779827214,964.765271155962,552.8823632742353,500.0,non_interactive
689,2379000,0.5180733463290484,965.1143096684821,553.4360338857973,500.0,non_interactive
690,2404000,0.5178880663550173,965.4595895964229,553.9838568642339,500.0,non_interactive
691,2429000,0.5177048911613531,965.8011900918375,554.52595408302,500.0,non_interactive
692,2454000,0.5175237753432809,966.1391878437718,555.0624436503348,500.0,non_interactive
693,2479000,0.5173446749281779,966.4736571791603,555.5934400624529,500.0,non_interactive
694,2504000,0.5171675473164314,966.8046701586103,556.1190543494102,500.0,non_interactive
695,2529000,0.5169923512253018,967.1322966673898,556.6393942134031,500.0,non_interactive
696,2554000,0.5168190466356131,967.4566045019013,557.1545641603494,500.0,non_interactive
697,2579000,0.5166475947411008,967.7776594519072,557.664665625021,500.0,non_interactive
698,2604000,0.5164779579002602,968.0955253787571,558.1697970901088,500.0,non_interactive
699,2629000,0.5163100995905516,968.4102642898406,558.6700541995806,500.0,non_interactive
700,2654000,0.5161439843648213,968.7219364094915,559.1655298666544,500.0,non_interactive
701,2679000,0.5159795778098146,969.0306002465381,559.6563143766853,500.0,non_interactive
702,2704000,0.5158168465066599,969.3363126586916,560.1424954852531,500.0,non_interactive
703,2729000,0.5156557579932175,969.6391289139383,560.6241585117259,500.0,non_interactive
704,2754000,0.5154962807281805,969.9391027491201,561.1013864285349,500.0,non_interactive
705,2779000,0.5153383840568386,970.2362864258392,561.5742599463971,500.0,non_interactive
706,2804000,0.5151820381784111,970.530730783837,562.0428575957121,500.0,non_interactive
707,2829000,0.5150272141148631,970.8224852919876,562.5072558043283,500.0,non_interactive
708,2854000,0.5148738836811242,971.1115980970284,562.9675289718758,500.0,non_interactive
709,2879000,0.5147220194566394,971.3981160701449,563.4237495408454,500.0,non_interactive
710,2904000,0.5145715947581756,971.6820848515287,563.8759880645788,500.0,non_interactive
711,2929000,0.5144225836138218,971.9635488930073,564.3243132723389,500.0,non_interactive
712,2954000,0.5142749607381222,972.2425514988445,564.768792131604,500.0,non_interactive
713,2979000,0.5141287015082755,972.5191348648174,565.2094899077161,500.0,non_interactive
714,3004000,0.5139837819413602,972.7933401156312,565.6464702210432,500.0,non_interactive
715,3029000,0.5138401786725185,973.0652073407845,566.0797951017549,500.0,non_interactive
716,3054000,0.5136978689340597,973.3347756289447,566.5095250423294,500.0,non_interactive
717,3079000,0.5135568305354389,973.6020831009016,566.935719047935,500.0,non_interactive
718,3104000,0.513417041844059,973.8671669411897,567.3584346847445,500.0,non_interactive
719,3129000,0.5132784817668613,974.1300634284283,567.7777281263135,500.0,non_interactive
